campaign,views,clicks,impressions,urls,ctr_pct
ai-writers,4800,390,15000,1,2.6
py101,2100,150,7200,1,2.083333333333333
regex-mini,1950,83,6100,1,1.360655737704918
prompt-mastery,1900,148,6100,1,2.4262295081967213
