source,views,clicks,impressions,urls,ctr_pct
video,4800,390,15000,1,2.6
social,4050,233,13300,2,1.7518796992481205
blog,1900,148,6100,1,2.4262295081967213
