topic,views,clicks,impressions,urls,ctr_pct
AI for Writers,4800,390,15000,1,2.6
Python,2100,150,7200,1,2.083333333333333
Regex,1950,83,6100,1,1.360655737704918
Prompt Engineering,1900,148,6100,1,2.4262295081967213
