month,views,clicks,impressions,posts,ctr_pct
2025-01,5150,374,16500,4,2.2666666666666666
2025-02,5600,397,17900,4,2.217877094972067
